Region,Country Name,Millions of poor,Poverty Line
Latin America & Caribbean,Aruba,0,$3.00 (2021 PPP)
Latin America & Caribbean,Aruba,0,$4.20 (2021 PPP)
Latin America & Caribbean,Aruba,0.01,$8.30 (2021 PPP)
"Middle East, North Africa, Afghanistan & Pakistan",Afghanistan,20.51,$3.00 (2021 PPP)
"Middle East, North Africa, Afghanistan & Pakistan",Afghanistan,31.01,$4.20 (2021 PPP)
"Middle East, North Africa, Afghanistan & Pakistan",Afghanistan,42.36,$8.30 (2021 PPP)
Sub-Saharan Africa,Angola,17.22,$3.00 (2021 PPP)
Sub-Saharan Africa,Angola,23.19,$4.20 (2021 PPP)
Sub-Saharan Africa,Angola,33.3,$8.30 (2021 PPP)
Europe & Central Asia,Albania,0,$3.00 (2021 PPP)
Europe & Central Asia,Albania,0.02,$4.20 (2021 PPP)
Europe & Central Asia,Albania,0.25,$8.30 (2021 PPP)
Europe & Central Asia,Andorra,0,$3.00 (2021 PPP)
Europe & Central Asia,Andorra,0,$4.20 (2021 PPP)
Europe & Central Asia,Andorra,0,$8.30 (2021 PPP)
"Middle East, North Africa, Afghanistan & Pakistan",United Arab Emirates,0,$3.00 (2021 PPP)
"Middle East, North Africa, Afghanistan & Pakistan",United Arab Emirates,0,$4.20 (2021 PPP)
"Middle East, North Africa, Afghanistan & Pakistan",United Arab Emirates,0.02,$8.30 (2021 PPP)
Europe & Central Asia,Armenia,0.02,$3.00 (2021 PPP)
Europe & Central Asia,Armenia,0.13,$4.20 (2021 PPP)
Europe & Central Asia,Armenia,1.21,$8.30 (2021 PPP)
East Asia & Pacific,American Samoa,0,$3.00 (2021 PPP)
East Asia & Pacific,American Samoa,0,$4.20 (2021 PPP)
East Asia & Pacific,American Samoa,0,$8.30 (2021 PPP)
Latin America & Caribbean,Antigua and Barbuda,0,$3.00 (2021 PPP)
Latin America & Caribbean,Antigua and Barbuda,0,$4.20 (2021 PPP)
Latin America & Caribbean,Antigua and Barbuda,0.01,$8.30 (2021 PPP)
East Asia & Pacific,Australia,0.23,$3.00 (2021 PPP)
East Asia & Pacific,Australia,0.27,$4.20 (2021 PPP)
East Asia & Pacific,Australia,0.38,$8.30 (2021 PPP)
Europe & Central Asia,Austria,0.05,$3.00 (2021 PPP)
Europe & Central Asia,Austria,0.05,$4.20 (2021 PPP)
Europe & Central Asia,Austria,0.09,$8.30 (2021 PPP)
Europe & Central Asia,Azerbaijan,0,$3.00 (2021 PPP)
Europe & Central Asia,Azerbaijan,0,$4.20 (2021 PPP)
Europe & Central Asia,Azerbaijan,0.07,$8.30 (2021 PPP)
Sub-Saharan Africa,Burundi,10.68,$3.00 (2021 PPP)
Sub-Saharan Africa,Burundi,12.68,$4.20 (2021 PPP)
Sub-Saharan Africa,Burundi,14.31,$8.30 (2021 PPP)
Europe & Central Asia,Belgium,0.01,$3.00 (2021 PPP)
Europe & Central Asia,Belgium,0.01,$4.20 (2021 PPP)
Europe & Central Asia,Belgium,0.03,$8.30 (2021 PPP)
Sub-Saharan Africa,Benin,3.02,$3.00 (2021 PPP)
Sub-Saharan Africa,Benin,6.27,$4.20 (2021 PPP)
Sub-Saharan Africa,Benin,12.49,$8.30 (2021 PPP)
Sub-Saharan Africa,Burkina Faso,9.62,$3.00 (2021 PPP)
Sub-Saharan Africa,Burkina Faso,15.13,$4.20 (2021 PPP)
Sub-Saharan Africa,Burkina Faso,21.96,$8.30 (2021 PPP)
South Asia,Bangladesh,7.22,$3.00 (2021 PPP)
South Asia,Bangladesh,27.76,$4.20 (2021 PPP)
South Asia,Bangladesh,116.5,$8.30 (2021 PPP)
Europe & Central Asia,Bulgaria,0.06,$3.00 (2021 PPP)
Europe & Central Asia,Bulgaria,0.09,$4.20 (2021 PPP)
Europe & Central Asia,Bulgaria,0.23,$8.30 (2021 PPP)
"Middle East, North Africa, Afghanistan & Pakistan",Bahrain,0,$3.00 (2021 PPP)
"Middle East, North Africa, Afghanistan & Pakistan",Bahrain,0,$4.20 (2021 PPP)
"Middle East, North Africa, Afghanistan & Pakistan",Bahrain,0.01,$8.30 (2021 PPP)
Latin America & Caribbean,"Bahamas, The",0,$3.00 (2021 PPP)
Latin America & Caribbean,"Bahamas, The",0.01,$4.20 (2021 PPP)
Latin America & Caribbean,"Bahamas, The",0.03,$8.30 (2021 PPP)
Europe & Central Asia,Bosnia and Herzegovina,0.01,$3.00 (2021 PPP)
Europe & Central Asia,Bosnia and Herzegovina,0.02,$4.20 (2021 PPP)
Europe & Central Asia,Bosnia and Herzegovina,0.22,$8.30 (2021 PPP)
Europe & Central Asia,Belarus,0,$3.00 (2021 PPP)
Europe & Central Asia,Belarus,0,$4.20 (2021 PPP)
Europe & Central Asia,Belarus,0.06,$8.30 (2021 PPP)
Latin America & Caribbean,Belize,0,$3.00 (2021 PPP)
Latin America & Caribbean,Belize,0.01,$4.20 (2021 PPP)
Latin America & Caribbean,Belize,0.07,$8.30 (2021 PPP)
North America,Bermuda,0,$3.00 (2021 PPP)
North America,Bermuda,0,$4.20 (2021 PPP)
North America,Bermuda,0,$8.30 (2021 PPP)
Latin America & Caribbean,Bolivia,0.28,$3.00 (2021 PPP)
Latin America & Caribbean,Bolivia,0.68,$4.20 (2021 PPP)
Latin America & Caribbean,Bolivia,2.42,$8.30 (2021 PPP)
Latin America & Caribbean,Brazil,5.98,$3.00 (2021 PPP)
Latin America & Caribbean,Brazil,12.41,$4.20 (2021 PPP)
Latin America & Caribbean,Brazil,42.21,$8.30 (2021 PPP)
Latin America & Caribbean,Barbados,0,$3.00 (2021 PPP)
Latin America & Caribbean,Barbados,0.01,$4.20 (2021 PPP)
Latin America & Caribbean,Barbados,0.04,$8.30 (2021 PPP)
East Asia & Pacific,Brunei Darussalam,0,$3.00 (2021 PPP)
East Asia & Pacific,Brunei Darussalam,0,$4.20 (2021 PPP)
East Asia & Pacific,Brunei Darussalam,0,$8.30 (2021 PPP)
South Asia,Bhutan,0,$3.00 (2021 PPP)
South Asia,Bhutan,0,$4.20 (2021 PPP)
South Asia,Bhutan,0.05,$8.30 (2021 PPP)
Sub-Saharan Africa,Botswana,0.48,$3.00 (2021 PPP)
Sub-Saharan Africa,Botswana,0.85,$4.20 (2021 PPP)
Sub-Saharan Africa,Botswana,1.56,$8.30 (2021 PPP)
Sub-Saharan Africa,Central African Republic,4.14,$3.00 (2021 PPP)
Sub-Saharan Africa,Central African Republic,4.83,$4.20 (2021 PPP)
Sub-Saharan Africa,Central African Republic,5.49,$8.30 (2021 PPP)
North America,Canada,0.09,$3.00 (2021 PPP)
North America,Canada,0.13,$4.20 (2021 PPP)
North America,Canada,0.25,$8.30 (2021 PPP)
Europe & Central Asia,Switzerland,0.01,$3.00 (2021 PPP)
Europe & Central Asia,Switzerland,0.01,$4.20 (2021 PPP)
Europe & Central Asia,Switzerland,0.03,$8.30 (2021 PPP)
Europe & Central Asia,Channel Islands,0,$3.00 (2021 PPP)
Europe & Central Asia,Channel Islands,0,$4.20 (2021 PPP)
Europe & Central Asia,Channel Islands,0,$8.30 (2021 PPP)
Latin America & Caribbean,Chile,0.08,$3.00 (2021 PPP)
Latin America & Caribbean,Chile,0.13,$4.20 (2021 PPP)
Latin America & Caribbean,Chile,0.8,$8.30 (2021 PPP)
East Asia & Pacific,China,0,$3.00 (2021 PPP)
East Asia & Pacific,China,0,$4.20 (2021 PPP)
East Asia & Pacific,China,192.83,$8.30 (2021 PPP)
Sub-Saharan Africa,Côte d'Ivoire,5.17,$3.00 (2021 PPP)
Sub-Saharan Africa,Côte d'Ivoire,11.49,$4.20 (2021 PPP)
Sub-Saharan Africa,Côte d'Ivoire,25.51,$8.30 (2021 PPP)
Sub-Saharan Africa,Cameroon,7.82,$3.00 (2021 PPP)
Sub-Saharan Africa,Cameroon,12.16,$4.20 (2021 PPP)
Sub-Saharan Africa,Cameroon,22.32,$8.30 (2021 PPP)
Sub-Saharan Africa,"Congo, Dem. Rep.",95.02,$3.00 (2021 PPP)
Sub-Saharan Africa,"Congo, Dem. Rep.",104.53,$4.20 (2021 PPP)
Sub-Saharan Africa,"Congo, Dem. Rep.",113.36,$8.30 (2021 PPP)
Sub-Saharan Africa,"Congo, Rep.",3.37,$3.00 (2021 PPP)
Sub-Saharan Africa,"Congo, Rep.",4.39,$4.20 (2021 PPP)
Sub-Saharan Africa,"Congo, Rep.",5.93,$8.30 (2021 PPP)
Latin America & Caribbean,Colombia,4.36,$3.00 (2021 PPP)
Latin America & Caribbean,Colombia,7.55,$4.20 (2021 PPP)
Latin America & Caribbean,Colombia,19.33,$8.30 (2021 PPP)
Sub-Saharan Africa,Comoros,0.04,$3.00 (2021 PPP)
Sub-Saharan Africa,Comoros,0.15,$4.20 (2021 PPP)
Sub-Saharan Africa,Comoros,0.6,$8.30 (2021 PPP)
Sub-Saharan Africa,Cabo Verde,0.04,$3.00 (2021 PPP)
Sub-Saharan Africa,Cabo Verde,0.09,$4.20 (2021 PPP)
Sub-Saharan Africa,Cabo Verde,0.27,$8.30 (2021 PPP)
Latin America & Caribbean,Costa Rica,0.04,$3.00 (2021 PPP)
Latin America & Caribbean,Costa Rica,0.08,$4.20 (2021 PPP)
Latin America & Caribbean,Costa Rica,0.47,$8.30 (2021 PPP)
Latin America & Caribbean,Cuba,0.24,$3.00 (2021 PPP)
Latin America & Caribbean,Cuba,0.46,$4.20 (2021 PPP)
Latin America & Caribbean,Cuba,1.59,$8.30 (2021 PPP)
Latin America & Caribbean,Curaçao,0,$3.00 (2021 PPP)
Latin America & Caribbean,Curaçao,0,$4.20 (2021 PPP)
Latin America & Caribbean,Curaçao,0.01,$8.30 (2021 PPP)
Latin America & Caribbean,Cayman Islands,0,$3.00 (2021 PPP)
Latin America & Caribbean,Cayman Islands,0,$4.20 (2021 PPP)
Latin America & Caribbean,Cayman Islands,0,$8.30 (2021 PPP)
Europe & Central Asia,Cyprus,0,$3.00 (2021 PPP)
Europe & Central Asia,Cyprus,0,$4.20 (2021 PPP)
Europe & Central Asia,Cyprus,0,$8.30 (2021 PPP)
Europe & Central Asia,Czechia,0,$3.00 (2021 PPP)
Europe & Central Asia,Czechia,0,$4.20 (2021 PPP)
Europe & Central Asia,Czechia,0.07,$8.30 (2021 PPP)
Europe & Central Asia,Germany,0.57,$3.00 (2021 PPP)
Europe & Central Asia,Germany,0.7,$4.20 (2021 PPP)
Europe & Central Asia,Germany,1.26,$8.30 (2021 PPP)
"Middle East, North Africa, Afghanistan & Pakistan",Djibouti,0.21,$3.00 (2021 PPP)
"Middle East, North Africa, Afghanistan & Pakistan",Djibouti,0.37,$4.20 (2021 PPP)
"Middle East, North Africa, Afghanistan & Pakistan",Djibouti,0.83,$8.30 (2021 PPP)
Latin America & Caribbean,Dominica,0,$3.00 (2021 PPP)
Latin America & Caribbean,Dominica,0.01,$4.20 (2021 PPP)
Latin America & Caribbean,Dominica,0.02,$8.30 (2021 PPP)
Europe & Central Asia,Denmark,0.02,$3.00 (2021 PPP)
Europe & Central Asia,Denmark,0.02,$4.20 (2021 PPP)
Europe & Central Asia,Denmark,0.04,$8.30 (2021 PPP)
Latin America & Caribbean,Dominican Republic,0.08,$3.00 (2021 PPP)
Latin America & Caribbean,Dominican Republic,0.22,$4.20 (2021 PPP)
Latin America & Caribbean,Dominican Republic,1.46,$8.30 (2021 PPP)
"Middle East, North Africa, Afghanistan & Pakistan",Algeria,0,$3.00 (2021 PPP)
"Middle East, North Africa, Afghanistan & Pakistan",Algeria,0.6,$4.20 (2021 PPP)
"Middle East, North Africa, Afghanistan & Pakistan",Algeria,14.7,$8.30 (2021 PPP)
Latin America & Caribbean,Ecuador,0.63,$3.00 (2021 PPP)
Latin America & Caribbean,Ecuador,1.54,$4.20 (2021 PPP)
Latin America & Caribbean,Ecuador,5.53,$8.30 (2021 PPP)
"Middle East, North Africa, Afghanistan & Pakistan","Egypt, Arab Rep.",1.07,$3.00 (2021 PPP)
"Middle East, North Africa, Afghanistan & Pakistan","Egypt, Arab Rep.",6.91,$4.20 (2021 PPP)
"Middle East, North Africa, Afghanistan & Pakistan","Egypt, Arab Rep.",64.4,$8.30 (2021 PPP)
Sub-Saharan Africa,Eritrea,0.87,$3.00 (2021 PPP)
Sub-Saharan Africa,Eritrea,1.52,$4.20 (2021 PPP)
Sub-Saharan Africa,Eritrea,2.89,$8.30 (2021 PPP)
Europe & Central Asia,Spain,0.38,$3.00 (2021 PPP)
Europe & Central Asia,Spain,0.46,$4.20 (2021 PPP)
Europe & Central Asia,Spain,0.99,$8.30 (2021 PPP)
Europe & Central Asia,Estonia,0,$3.00 (2021 PPP)
Europe & Central Asia,Estonia,0.01,$4.20 (2021 PPP)
Europe & Central Asia,Estonia,0.02,$8.30 (2021 PPP)
Sub-Saharan Africa,Ethiopia,37.99,$3.00 (2021 PPP)
Sub-Saharan Africa,Ethiopia,72.22,$4.20 (2021 PPP)
Sub-Saharan Africa,Ethiopia,124.52,$8.30 (2021 PPP)
Europe & Central Asia,Finland,0.01,$3.00 (2021 PPP)
Europe & Central Asia,Finland,0.01,$4.20 (2021 PPP)
Europe & Central Asia,Finland,0.02,$8.30 (2021 PPP)
East Asia & Pacific,Fiji,0.03,$3.00 (2021 PPP)
East Asia & Pacific,Fiji,0.11,$4.20 (2021 PPP)
East Asia & Pacific,Fiji,0.52,$8.30 (2021 PPP)
Europe & Central Asia,France,0.05,$3.00 (2021 PPP)
Europe & Central Asia,France,0.05,$4.20 (2021 PPP)
Europe & Central Asia,France,0.19,$8.30 (2021 PPP)
Europe & Central Asia,Faeroe Islands,0,$3.00 (2021 PPP)
Europe & Central Asia,Faeroe Islands,0,$4.20 (2021 PPP)
Europe & Central Asia,Faeroe Islands,0,$8.30 (2021 PPP)
East Asia & Pacific,"Micronesia, Fed. Sts.",0.03,$3.00 (2021 PPP)
East Asia & Pacific,"Micronesia, Fed. Sts.",0.05,$4.20 (2021 PPP)
East Asia & Pacific,"Micronesia, Fed. Sts.",0.09,$8.30 (2021 PPP)
Sub-Saharan Africa,Gabon,0.13,$3.00 (2021 PPP)
Sub-Saharan Africa,Gabon,0.27,$4.20 (2021 PPP)
Sub-Saharan Africa,Gabon,1,$8.30 (2021 PPP)
Europe & Central Asia,United Kingdom,0.23,$3.00 (2021 PPP)
Europe & Central Asia,United Kingdom,0.29,$4.20 (2021 PPP)
Europe & Central Asia,United Kingdom,0.57,$8.30 (2021 PPP)
Europe & Central Asia,Georgia,0.12,$3.00 (2021 PPP)
Europe & Central Asia,Georgia,0.31,$4.20 (2021 PPP)
Europe & Central Asia,Georgia,1.47,$8.30 (2021 PPP)
Sub-Saharan Africa,Ghana,11.36,$3.00 (2021 PPP)
Sub-Saharan Africa,Ghana,17.15,$4.20 (2021 PPP)
Sub-Saharan Africa,Ghana,28.5,$8.30 (2021 PPP)
Europe & Central Asia,Gibraltar,0,$3.00 (2021 PPP)
Europe & Central Asia,Gibraltar,0,$4.20 (2021 PPP)
Europe & Central Asia,Gibraltar,0,$8.30 (2021 PPP)
Sub-Saharan Africa,Guinea,1,$3.00 (2021 PPP)
Sub-Saharan Africa,Guinea,2.83,$4.20 (2021 PPP)
Sub-Saharan Africa,Guinea,10.17,$8.30 (2021 PPP)
Sub-Saharan Africa,"Gambia, The",0.46,$3.00 (2021 PPP)
Sub-Saharan Africa,"Gambia, The",0.96,$4.20 (2021 PPP)
Sub-Saharan Africa,"Gambia, The",2.09,$8.30 (2021 PPP)
Sub-Saharan Africa,Guinea-Bissau,0.79,$3.00 (2021 PPP)
Sub-Saharan Africa,Guinea-Bissau,1.31,$4.20 (2021 PPP)
Sub-Saharan Africa,Guinea-Bissau,2.05,$8.30 (2021 PPP)
Sub-Saharan Africa,Equatorial Guinea,0.24,$3.00 (2021 PPP)
Sub-Saharan Africa,Equatorial Guinea,0.52,$4.20 (2021 PPP)
Sub-Saharan Africa,Equatorial Guinea,1.27,$8.30 (2021 PPP)
Europe & Central Asia,Greece,0.05,$3.00 (2021 PPP)
Europe & Central Asia,Greece,0.08,$4.20 (2021 PPP)
Europe & Central Asia,Greece,0.28,$8.30 (2021 PPP)
Latin America & Caribbean,Grenada,0,$3.00 (2021 PPP)
Latin America & Caribbean,Grenada,0,$4.20 (2021 PPP)
Latin America & Caribbean,Grenada,0.02,$8.30 (2021 PPP)
Europe & Central Asia,Greenland,0,$3.00 (2021 PPP)
Europe & Central Asia,Greenland,0,$4.20 (2021 PPP)
Europe & Central Asia,Greenland,0,$8.30 (2021 PPP)
Latin America & Caribbean,Guatemala,1.63,$3.00 (2021 PPP)
Latin America & Caribbean,Guatemala,2.92,$4.20 (2021 PPP)
Latin America & Caribbean,Guatemala,8.16,$8.30 (2021 PPP)
East Asia & Pacific,Guam,0,$3.00 (2021 PPP)
East Asia & Pacific,Guam,0,$4.20 (2021 PPP)
East Asia & Pacific,Guam,0,$8.30 (2021 PPP)
Latin America & Caribbean,Guyana,0,$3.00 (2021 PPP)
Latin America & Caribbean,Guyana,0.02,$4.20 (2021 PPP)
Latin America & Caribbean,Guyana,0.03,$8.30 (2021 PPP)
East Asia & Pacific,"Hong Kong SAR, China",0,$3.00 (2021 PPP)
East Asia & Pacific,"Hong Kong SAR, China",0,$4.20 (2021 PPP)
East Asia & Pacific,"Hong Kong SAR, China",0.01,$8.30 (2021 PPP)
Latin America & Caribbean,Honduras,1.69,$3.00 (2021 PPP)
Latin America & Caribbean,Honduras,2.51,$4.20 (2021 PPP)
Latin America & Caribbean,Honduras,5.34,$8.30 (2021 PPP)
Europe & Central Asia,Croatia,0.01,$3.00 (2021 PPP)
Europe & Central Asia,Croatia,0.02,$4.20 (2021 PPP)
Europe & Central Asia,Croatia,0.07,$8.30 (2021 PPP)
Latin America & Caribbean,Haiti,5.84,$3.00 (2021 PPP)
Latin America & Caribbean,Haiti,8.11,$4.20 (2021 PPP)
Latin America & Caribbean,Haiti,11.06,$8.30 (2021 PPP)
Europe & Central Asia,Hungary,0.07,$3.00 (2021 PPP)
Europe & Central Asia,Hungary,0.11,$4.20 (2021 PPP)
Europe & Central Asia,Hungary,0.36,$8.30 (2021 PPP)
East Asia & Pacific,Indonesia,9.14,$3.00 (2021 PPP)
East Asia & Pacific,Indonesia,40.33,$4.20 (2021 PPP)
East Asia & Pacific,Indonesia,178.88,$8.30 (2021 PPP)
Europe & Central Asia,Isle of Man,0,$3.00 (2021 PPP)
Europe & Central Asia,Isle of Man,0,$4.20 (2021 PPP)
Europe & Central Asia,Isle of Man,0,$8.30 (2021 PPP)
South Asia,India,20.6,$3.00 (2021 PPP)
South Asia,India,151.21,$4.20 (2021 PPP)
South Asia,India,1077.64,$8.30 (2021 PPP)
Europe & Central Asia,Ireland,0,$3.00 (2021 PPP)
Europe & Central Asia,Ireland,0,$4.20 (2021 PPP)
Europe & Central Asia,Ireland,0.01,$8.30 (2021 PPP)
"Middle East, North Africa, Afghanistan & Pakistan","Iran, Islamic Rep.",2.34,$3.00 (2021 PPP)
"Middle East, North Africa, Afghanistan & Pakistan","Iran, Islamic Rep.",7.05,$4.20 (2021 PPP)
"Middle East, North Africa, Afghanistan & Pakistan","Iran, Islamic Rep.",33.68,$8.30 (2021 PPP)
"Middle East, North Africa, Afghanistan & Pakistan",Iraq,0.42,$3.00 (2021 PPP)
"Middle East, North Africa, Afghanistan & Pakistan",Iraq,1.94,$4.20 (2021 PPP)
"Middle East, North Africa, Afghanistan & Pakistan",Iraq,17.85,$8.30 (2021 PPP)
Europe & Central Asia,Iceland,0,$3.00 (2021 PPP)
Europe & Central Asia,Iceland,0,$4.20 (2021 PPP)
Europe & Central Asia,Iceland,0,$8.30 (2021 PPP)
"Middle East, North Africa, Afghanistan & Pakistan",Israel,0.03,$3.00 (2021 PPP)
"Middle East, North Africa, Afghanistan & Pakistan",Israel,0.08,$4.20 (2021 PPP)
"Middle East, North Africa, Afghanistan & Pakistan",Israel,0.45,$8.30 (2021 PPP)
Europe & Central Asia,Italy,0.54,$3.00 (2021 PPP)
Europe & Central Asia,Italy,0.61,$4.20 (2021 PPP)
Europe & Central Asia,Italy,1.08,$8.30 (2021 PPP)
Latin America & Caribbean,Jamaica,0.03,$3.00 (2021 PPP)
Latin America & Caribbean,Jamaica,0.11,$4.20 (2021 PPP)
Latin America & Caribbean,Jamaica,0.56,$8.30 (2021 PPP)
"Middle East, North Africa, Afghanistan & Pakistan",Jordan,0.02,$3.00 (2021 PPP)
"Middle East, North Africa, Afghanistan & Pakistan",Jordan,0.15,$4.20 (2021 PPP)
"Middle East, North Africa, Afghanistan & Pakistan",Jordan,2.18,$8.30 (2021 PPP)
East Asia & Pacific,Japan,1.13,$3.00 (2021 PPP)
East Asia & Pacific,Japan,1.74,$4.20 (2021 PPP)
East Asia & Pacific,Japan,3.49,$8.30 (2021 PPP)
Europe & Central Asia,Kazakhstan,0,$3.00 (2021 PPP)
Europe & Central Asia,Kazakhstan,0.02,$4.20 (2021 PPP)
Europe & Central Asia,Kazakhstan,1.41,$8.30 (2021 PPP)
Sub-Saharan Africa,Kenya,23.83,$3.00 (2021 PPP)
Sub-Saharan Africa,Kenya,36.67,$4.20 (2021 PPP)
Sub-Saharan Africa,Kenya,52.05,$8.30 (2021 PPP)
Europe & Central Asia,Kyrgyz Republic,0.11,$3.00 (2021 PPP)
Europe & Central Asia,Kyrgyz Republic,0.69,$4.20 (2021 PPP)
Europe & Central Asia,Kyrgyz Republic,4.43,$8.30 (2021 PPP)
East Asia & Pacific,Cambodia,1.31,$3.00 (2021 PPP)
East Asia & Pacific,Cambodia,3.1,$4.20 (2021 PPP)
East Asia & Pacific,Cambodia,10.77,$8.30 (2021 PPP)
East Asia & Pacific,Kiribati,0,$3.00 (2021 PPP)
East Asia & Pacific,Kiribati,0.01,$4.20 (2021 PPP)
East Asia & Pacific,Kiribati,0.07,$8.30 (2021 PPP)
Latin America & Caribbean,St. Kitts and Nevis,0,$3.00 (2021 PPP)
Latin America & Caribbean,St. Kitts and Nevis,0,$4.20 (2021 PPP)
Latin America & Caribbean,St. Kitts and Nevis,0.01,$8.30 (2021 PPP)
East Asia & Pacific,"Korea, Rep.",0.03,$3.00 (2021 PPP)
East Asia & Pacific,"Korea, Rep.",0.06,$4.20 (2021 PPP)
East Asia & Pacific,"Korea, Rep.",0.19,$8.30 (2021 PPP)
"Middle East, North Africa, Afghanistan & Pakistan",Kuwait,0,$3.00 (2021 PPP)
"Middle East, North Africa, Afghanistan & Pakistan",Kuwait,0.01,$4.20 (2021 PPP)
"Middle East, North Africa, Afghanistan & Pakistan",Kuwait,0.05,$8.30 (2021 PPP)
East Asia & Pacific,Lao PDR,0.5,$3.00 (2021 PPP)
East Asia & Pacific,Lao PDR,1.62,$4.20 (2021 PPP)
East Asia & Pacific,Lao PDR,5.45,$8.30 (2021 PPP)
"Middle East, North Africa, Afghanistan & Pakistan",Lebanon,0.38,$3.00 (2021 PPP)
"Middle East, North Africa, Afghanistan & Pakistan",Lebanon,1,$4.20 (2021 PPP)
"Middle East, North Africa, Afghanistan & Pakistan",Lebanon,3.1,$8.30 (2021 PPP)
Sub-Saharan Africa,Liberia,1.86,$3.00 (2021 PPP)
Sub-Saharan Africa,Liberia,3.08,$4.20 (2021 PPP)
Sub-Saharan Africa,Liberia,5.08,$8.30 (2021 PPP)
"Middle East, North Africa, Afghanistan & Pakistan",Libya,0.1,$3.00 (2021 PPP)
"Middle East, North Africa, Afghanistan & Pakistan",Libya,0.27,$4.20 (2021 PPP)
"Middle East, North Africa, Afghanistan & Pakistan",Libya,1.58,$8.30 (2021 PPP)
Latin America & Caribbean,St. Lucia,0,$3.00 (2021 PPP)
Latin America & Caribbean,St. Lucia,0,$4.20 (2021 PPP)
Latin America & Caribbean,St. Lucia,0.01,$8.30 (2021 PPP)
Europe & Central Asia,Liechtenstein,0,$3.00 (2021 PPP)
Europe & Central Asia,Liechtenstein,0,$4.20 (2021 PPP)
Europe & Central Asia,Liechtenstein,0,$8.30 (2021 PPP)
South Asia,Sri Lanka,0.58,$3.00 (2021 PPP)
South Asia,Sri Lanka,2.47,$4.20 (2021 PPP)
South Asia,Sri Lanka,11.67,$8.30 (2021 PPP)
Sub-Saharan Africa,Lesotho,1.07,$3.00 (2021 PPP)
Sub-Saharan Africa,Lesotho,1.41,$4.20 (2021 PPP)
Sub-Saharan Africa,Lesotho,2.06,$8.30 (2021 PPP)
Europe & Central Asia,Lithuania,0.03,$3.00 (2021 PPP)
Europe & Central Asia,Lithuania,0.03,$4.20 (2021 PPP)
Europe & Central Asia,Lithuania,0.08,$8.30 (2021 PPP)
Europe & Central Asia,Luxembourg,0,$3.00 (2021 PPP)
Europe & Central Asia,Luxembourg,0,$4.20 (2021 PPP)
Europe & Central Asia,Luxembourg,0,$8.30 (2021 PPP)
Europe & Central Asia,Latvia,0.01,$3.00 (2021 PPP)
Europe & Central Asia,Latvia,0.01,$4.20 (2021 PPP)
Europe & Central Asia,Latvia,0.05,$8.30 (2021 PPP)
East Asia & Pacific,"Macao SAR, China",0,$3.00 (2021 PPP)
East Asia & Pacific,"Macao SAR, China",0,$4.20 (2021 PPP)
East Asia & Pacific,"Macao SAR, China",0,$8.30 (2021 PPP)
Latin America & Caribbean,St. Martin (French part),0,$3.00 (2021 PPP)
Latin America & Caribbean,St. Martin (French part),0,$4.20 (2021 PPP)
Latin America & Caribbean,St. Martin (French part),0,$8.30 (2021 PPP)
"Middle East, North Africa, Afghanistan & Pakistan",Morocco,0.84,$3.00 (2021 PPP)
"Middle East, North Africa, Afghanistan & Pakistan",Morocco,2.8,$4.20 (2021 PPP)
"Middle East, North Africa, Afghanistan & Pakistan",Morocco,15.05,$8.30 (2021 PPP)
Europe & Central Asia,Monaco,0,$3.00 (2021 PPP)
Europe & Central Asia,Monaco,0,$4.20 (2021 PPP)
Europe & Central Asia,Monaco,0,$8.30 (2021 PPP)
Europe & Central Asia,Moldova,0,$3.00 (2021 PPP)
Europe & Central Asia,Moldova,0.01,$4.20 (2021 PPP)
Europe & Central Asia,Moldova,0.43,$8.30 (2021 PPP)
Sub-Saharan Africa,Madagascar,22.4,$3.00 (2021 PPP)
Sub-Saharan Africa,Madagascar,27.62,$4.20 (2021 PPP)
Sub-Saharan Africa,Madagascar,32.23,$8.30 (2021 PPP)
South Asia,Maldives,0,$3.00 (2021 PPP)
South Asia,Maldives,0,$4.20 (2021 PPP)
South Asia,Maldives,0.02,$8.30 (2021 PPP)
Latin America & Caribbean,Mexico,2.15,$3.00 (2021 PPP)
Latin America & Caribbean,Mexico,5.44,$4.20 (2021 PPP)
Latin America & Caribbean,Mexico,28.1,$8.30 (2021 PPP)
East Asia & Pacific,Marshall Islands,0,$3.00 (2021 PPP)
East Asia & Pacific,Marshall Islands,0,$4.20 (2021 PPP)
East Asia & Pacific,Marshall Islands,0.01,$8.30 (2021 PPP)
Europe & Central Asia,North Macedonia,0.05,$3.00 (2021 PPP)
Europe & Central Asia,North Macedonia,0.09,$4.20 (2021 PPP)
Europe & Central Asia,North Macedonia,0.25,$8.30 (2021 PPP)
Sub-Saharan Africa,Mali,8.44,$3.00 (2021 PPP)
Sub-Saharan Africa,Mali,14.43,$4.20 (2021 PPP)
Sub-Saharan Africa,Mali,22.57,$8.30 (2021 PPP)
"Middle East, North Africa, Afghanistan & Pakistan",Malta,0,$3.00 (2021 PPP)
"Middle East, North Africa, Afghanistan & Pakistan",Malta,0,$4.20 (2021 PPP)
"Middle East, North Africa, Afghanistan & Pakistan",Malta,0.01,$8.30 (2021 PPP)
East Asia & Pacific,Myanmar,8.02,$3.00 (2021 PPP)
East Asia & Pacific,Myanmar,20.42,$4.20 (2021 PPP)
East Asia & Pacific,Myanmar,46.46,$8.30 (2021 PPP)
Europe & Central Asia,Montenegro,0.01,$3.00 (2021 PPP)
Europe & Central Asia,Montenegro,0.01,$4.20 (2021 PPP)
Europe & Central Asia,Montenegro,0.04,$8.30 (2021 PPP)
East Asia & Pacific,Mongolia,0.01,$3.00 (2021 PPP)
East Asia & Pacific,Mongolia,0.03,$4.20 (2021 PPP)
East Asia & Pacific,Mongolia,0.53,$8.30 (2021 PPP)
East Asia & Pacific,Northern Mariana Islands,0,$3.00 (2021 PPP)
East Asia & Pacific,Northern Mariana Islands,0,$4.20 (2021 PPP)
East Asia & Pacific,Northern Mariana Islands,0,$8.30 (2021 PPP)
Sub-Saharan Africa,Mozambique,29.89,$3.00 (2021 PPP)
Sub-Saharan Africa,Mozambique,32.67,$4.20 (2021 PPP)
Sub-Saharan Africa,Mozambique,35.29,$8.30 (2021 PPP)
Sub-Saharan Africa,Mauritania,0.44,$3.00 (2021 PPP)
Sub-Saharan Africa,Mauritania,1.19,$4.20 (2021 PPP)
Sub-Saharan Africa,Mauritania,3.66,$8.30 (2021 PPP)
Sub-Saharan Africa,Mauritius,0,$3.00 (2021 PPP)
Sub-Saharan Africa,Mauritius,0.02,$4.20 (2021 PPP)
Sub-Saharan Africa,Mauritius,0.2,$8.30 (2021 PPP)
Sub-Saharan Africa,Malawi,17.42,$3.00 (2021 PPP)
Sub-Saharan Africa,Malawi,20.03,$4.20 (2021 PPP)
Sub-Saharan Africa,Malawi,22.15,$8.30 (2021 PPP)
East Asia & Pacific,Malaysia,0,$3.00 (2021 PPP)
East Asia & Pacific,Malaysia,0.01,$4.20 (2021 PPP)
East Asia & Pacific,Malaysia,0.49,$8.30 (2021 PPP)
Sub-Saharan Africa,Namibia,0.7,$3.00 (2021 PPP)
Sub-Saharan Africa,Namibia,1.08,$4.20 (2021 PPP)
Sub-Saharan Africa,Namibia,1.89,$8.30 (2021 PPP)
East Asia & Pacific,New Caledonia,0,$3.00 (2021 PPP)
East Asia & Pacific,New Caledonia,0,$4.20 (2021 PPP)
East Asia & Pacific,New Caledonia,0.01,$8.30 (2021 PPP)
Sub-Saharan Africa,Niger,14.7,$3.00 (2021 PPP)
Sub-Saharan Africa,Niger,21.66,$4.20 (2021 PPP)
Sub-Saharan Africa,Niger,27.33,$8.30 (2021 PPP)
Sub-Saharan Africa,Nigeria,95.26,$3.00 (2021 PPP)
Sub-Saharan Africa,Nigeria,148.68,$4.20 (2021 PPP)
Sub-Saharan Africa,Nigeria,222.87,$8.30 (2021 PPP)
Latin America & Caribbean,Nicaragua,0.36,$3.00 (2021 PPP)
Latin America & Caribbean,Nicaragua,0.72,$4.20 (2021 PPP)
Latin America & Caribbean,Nicaragua,2.72,$8.30 (2021 PPP)
Europe & Central Asia,Netherlands,0.01,$3.00 (2021 PPP)
Europe & Central Asia,Netherlands,0.02,$4.20 (2021 PPP)
Europe & Central Asia,Netherlands,0.05,$8.30 (2021 PPP)
Europe & Central Asia,Norway,0.01,$3.00 (2021 PPP)
Europe & Central Asia,Norway,0.01,$4.20 (2021 PPP)
Europe & Central Asia,Norway,0.02,$8.30 (2021 PPP)
South Asia,Nepal,0.41,$3.00 (2021 PPP)
South Asia,Nepal,1.97,$4.20 (2021 PPP)
South Asia,Nepal,13.48,$8.30 (2021 PPP)
East Asia & Pacific,Nauru,0,$3.00 (2021 PPP)
East Asia & Pacific,Nauru,0,$4.20 (2021 PPP)
East Asia & Pacific,Nauru,0.01,$8.30 (2021 PPP)
East Asia & Pacific,New Zealand,0,$3.00 (2021 PPP)
East Asia & Pacific,New Zealand,0.01,$4.20 (2021 PPP)
East Asia & Pacific,New Zealand,0.04,$8.30 (2021 PPP)
"Middle East, North Africa, Afghanistan & Pakistan",Oman,0.01,$3.00 (2021 PPP)
"Middle East, North Africa, Afghanistan & Pakistan",Oman,0.02,$4.20 (2021 PPP)
"Middle East, North Africa, Afghanistan & Pakistan",Oman,0.14,$8.30 (2021 PPP)
"Middle East, North Africa, Afghanistan & Pakistan",Pakistan,57.36,$3.00 (2021 PPP)
"Middle East, North Africa, Afghanistan & Pakistan",Pakistan,121.66,$4.20 (2021 PPP)
"Middle East, North Africa, Afghanistan & Pakistan",Pakistan,224.62,$8.30 (2021 PPP)
Latin America & Caribbean,Panama,0.13,$3.00 (2021 PPP)
Latin America & Caribbean,Panama,0.28,$4.20 (2021 PPP)
Latin America & Caribbean,Panama,0.86,$8.30 (2021 PPP)
Latin America & Caribbean,Peru,1.66,$3.00 (2021 PPP)
Latin America & Caribbean,Peru,3.41,$4.20 (2021 PPP)
Latin America & Caribbean,Peru,12.02,$8.30 (2021 PPP)
East Asia & Pacific,Philippines,10.1,$3.00 (2021 PPP)
East Asia & Pacific,Philippines,28.34,$4.20 (2021 PPP)
East Asia & Pacific,Philippines,81.61,$8.30 (2021 PPP)
East Asia & Pacific,Palau,0,$3.00 (2021 PPP)
East Asia & Pacific,Palau,0,$4.20 (2021 PPP)
East Asia & Pacific,Palau,0,$8.30 (2021 PPP)
East Asia & Pacific,Papua New Guinea,4.66,$3.00 (2021 PPP)
East Asia & Pacific,Papua New Guinea,6.6,$4.20 (2021 PPP)
East Asia & Pacific,Papua New Guinea,9.69,$8.30 (2021 PPP)
Europe & Central Asia,Poland,0.08,$3.00 (2021 PPP)
Europe & Central Asia,Poland,0.11,$4.20 (2021 PPP)
Europe & Central Asia,Poland,0.32,$8.30 (2021 PPP)
Latin America & Caribbean,Puerto Rico (U.S.),0.02,$3.00 (2021 PPP)
Latin America & Caribbean,Puerto Rico (U.S.),0.03,$4.20 (2021 PPP)
Latin America & Caribbean,Puerto Rico (U.S.),0.11,$8.30 (2021 PPP)
East Asia & Pacific,"Korea, Dem. Rep.",1.49,$3.00 (2021 PPP)
East Asia & Pacific,"Korea, Dem. Rep.",3.61,$4.20 (2021 PPP)
East Asia & Pacific,"Korea, Dem. Rep.",14.12,$8.30 (2021 PPP)
Europe & Central Asia,Portugal,0.04,$3.00 (2021 PPP)
Europe & Central Asia,Portugal,0.07,$4.20 (2021 PPP)
Europe & Central Asia,Portugal,0.21,$8.30 (2021 PPP)
Latin America & Caribbean,Paraguay,0.12,$3.00 (2021 PPP)
Latin America & Caribbean,Paraguay,0.27,$4.20 (2021 PPP)
Latin America & Caribbean,Paraguay,1.27,$8.30 (2021 PPP)
"Middle East, North Africa, Afghanistan & Pakistan",West Bank and Gaza,0.23,$3.00 (2021 PPP)
"Middle East, North Africa, Afghanistan & Pakistan",West Bank and Gaza,0.52,$4.20 (2021 PPP)
"Middle East, North Africa, Afghanistan & Pakistan",West Bank and Gaza,2.16,$8.30 (2021 PPP)
East Asia & Pacific,French Polynesia,0,$3.00 (2021 PPP)
East Asia & Pacific,French Polynesia,0,$4.20 (2021 PPP)
East Asia & Pacific,French Polynesia,0,$8.30 (2021 PPP)
"Middle East, North Africa, Afghanistan & Pakistan",Qatar,0,$3.00 (2021 PPP)
"Middle East, North Africa, Afghanistan & Pakistan",Qatar,0,$4.20 (2021 PPP)
"Middle East, North Africa, Afghanistan & Pakistan",Qatar,0,$8.30 (2021 PPP)
Europe & Central Asia,Romania,0.11,$3.00 (2021 PPP)
Europe & Central Asia,Romania,0.22,$4.20 (2021 PPP)
Europe & Central Asia,Romania,0.85,$8.30 (2021 PPP)
Europe & Central Asia,Russian Federation,0.11,$3.00 (2021 PPP)
Europe & Central Asia,Russian Federation,0.22,$4.20 (2021 PPP)
Europe & Central Asia,Russian Federation,1.06,$8.30 (2021 PPP)
Sub-Saharan Africa,Rwanda,4.92,$3.00 (2021 PPP)
Sub-Saharan Africa,Rwanda,8.49,$4.20 (2021 PPP)
Sub-Saharan Africa,Rwanda,13.12,$8.30 (2021 PPP)
"Middle East, North Africa, Afghanistan & Pakistan",Saudi Arabia,0.01,$3.00 (2021 PPP)
"Middle East, North Africa, Afghanistan & Pakistan",Saudi Arabia,0.03,$4.20 (2021 PPP)
"Middle East, North Africa, Afghanistan & Pakistan",Saudi Arabia,0.18,$8.30 (2021 PPP)
Sub-Saharan Africa,Sudan,21.32,$3.00 (2021 PPP)
Sub-Saharan Africa,Sudan,33.67,$4.20 (2021 PPP)
Sub-Saharan Africa,Sudan,49.37,$8.30 (2021 PPP)
Sub-Saharan Africa,Senegal,2.98,$3.00 (2021 PPP)
Sub-Saharan Africa,Senegal,6.41,$4.20 (2021 PPP)
Sub-Saharan Africa,Senegal,14.77,$8.30 (2021 PPP)
East Asia & Pacific,Singapore,0,$3.00 (2021 PPP)
East Asia & Pacific,Singapore,0,$4.20 (2021 PPP)
East Asia & Pacific,Singapore,0,$8.30 (2021 PPP)
East Asia & Pacific,Solomon Islands,0.41,$3.00 (2021 PPP)
East Asia & Pacific,Solomon Islands,0.59,$4.20 (2021 PPP)
East Asia & Pacific,Solomon Islands,0.8,$8.30 (2021 PPP)
Sub-Saharan Africa,Sierra Leone,2.97,$3.00 (2021 PPP)
Sub-Saharan Africa,Sierra Leone,5.24,$4.20 (2021 PPP)
Sub-Saharan Africa,Sierra Leone,8,$8.30 (2021 PPP)
Latin America & Caribbean,El Salvador,0.27,$3.00 (2021 PPP)
Latin America & Caribbean,El Salvador,0.48,$4.20 (2021 PPP)
Latin America & Caribbean,El Salvador,1.69,$8.30 (2021 PPP)
Europe & Central Asia,San Marino,0,$3.00 (2021 PPP)
Europe & Central Asia,San Marino,0,$4.20 (2021 PPP)
Europe & Central Asia,San Marino,0,$8.30 (2021 PPP)
Sub-Saharan Africa,Federal Republic of Somalia,12.76,$3.00 (2021 PPP)
Sub-Saharan Africa,Federal Republic of Somalia,16.13,$4.20 (2021 PPP)
Sub-Saharan Africa,Federal Republic of Somalia,19.36,$8.30 (2021 PPP)
Europe & Central Asia,Serbia,0.06,$3.00 (2021 PPP)
Europe & Central Asia,Serbia,0.11,$4.20 (2021 PPP)
Europe & Central Asia,Serbia,0.45,$8.30 (2021 PPP)
Sub-Saharan Africa,South Sudan,10.47,$3.00 (2021 PPP)
Sub-Saharan Africa,South Sudan,11.46,$4.20 (2021 PPP)
Sub-Saharan Africa,South Sudan,12.27,$8.30 (2021 PPP)
Sub-Saharan Africa,São Tomé and Príncipe,0.03,$3.00 (2021 PPP)
Sub-Saharan Africa,São Tomé and Príncipe,0.07,$4.20 (2021 PPP)
Sub-Saharan Africa,São Tomé and Príncipe,0.17,$8.30 (2021 PPP)
Latin America & Caribbean,Suriname,0.01,$3.00 (2021 PPP)
Latin America & Caribbean,Suriname,0.03,$4.20 (2021 PPP)
Latin America & Caribbean,Suriname,0.12,$8.30 (2021 PPP)
Europe & Central Asia,Slovak Republic,0.02,$3.00 (2021 PPP)
Europe & Central Asia,Slovak Republic,0.04,$4.20 (2021 PPP)
Europe & Central Asia,Slovak Republic,0.2,$8.30 (2021 PPP)
Europe & Central Asia,Slovenia,0,$3.00 (2021 PPP)
Europe & Central Asia,Slovenia,0,$4.20 (2021 PPP)
Europe & Central Asia,Slovenia,0,$8.30 (2021 PPP)
Europe & Central Asia,Sweden,0.08,$3.00 (2021 PPP)
Europe & Central Asia,Sweden,0.1,$4.20 (2021 PPP)
Europe & Central Asia,Sweden,0.16,$8.30 (2021 PPP)
Sub-Saharan Africa,Eswatini,0.5,$3.00 (2021 PPP)
Sub-Saharan Africa,Eswatini,0.68,$4.20 (2021 PPP)
Sub-Saharan Africa,Eswatini,0.98,$8.30 (2021 PPP)
Latin America & Caribbean,Sint Maarten (Dutch part),0,$3.00 (2021 PPP)
Latin America & Caribbean,Sint Maarten (Dutch part),0,$4.20 (2021 PPP)
Latin America & Caribbean,Sint Maarten (Dutch part),0,$8.30 (2021 PPP)
Sub-Saharan Africa,Seychelles,0,$3.00 (2021 PPP)
Sub-Saharan Africa,Seychelles,0,$4.20 (2021 PPP)
Sub-Saharan Africa,Seychelles,0.01,$8.30 (2021 PPP)
"Middle East, North Africa, Afghanistan & Pakistan",Syrian Arab Republic,5.88,$3.00 (2021 PPP)
"Middle East, North Africa, Afghanistan & Pakistan",Syrian Arab Republic,12.83,$4.20 (2021 PPP)
"Middle East, North Africa, Afghanistan & Pakistan",Syrian Arab Republic,24.23,$8.30 (2021 PPP)
Latin America & Caribbean,Turks and Caicos Islands,0,$3.00 (2021 PPP)
Latin America & Caribbean,Turks and Caicos Islands,0,$4.20 (2021 PPP)
Latin America & Caribbean,Turks and Caicos Islands,0,$8.30 (2021 PPP)
Sub-Saharan Africa,Chad,8.45,$3.00 (2021 PPP)
Sub-Saharan Africa,Chad,13.06,$4.20 (2021 PPP)
Sub-Saharan Africa,Chad,19.24,$8.30 (2021 PPP)
Sub-Saharan Africa,Togo,2.88,$3.00 (2021 PPP)
Sub-Saharan Africa,Togo,4.88,$4.20 (2021 PPP)
Sub-Saharan Africa,Togo,8.32,$8.30 (2021 PPP)
East Asia & Pacific,Thailand,0.01,$3.00 (2021 PPP)
East Asia & Pacific,Thailand,0.13,$4.20 (2021 PPP)
East Asia & Pacific,Thailand,7.62,$8.30 (2021 PPP)
Europe & Central Asia,Tajikistan,0.51,$3.00 (2021 PPP)
Europe & Central Asia,Tajikistan,1.56,$4.20 (2021 PPP)
Europe & Central Asia,Tajikistan,5.61,$8.30 (2021 PPP)
Europe & Central Asia,Turkmenistan,0.17,$3.00 (2021 PPP)
Europe & Central Asia,Turkmenistan,0.45,$4.20 (2021 PPP)
Europe & Central Asia,Turkmenistan,2.47,$8.30 (2021 PPP)
East Asia & Pacific,Timor-Leste,0.68,$3.00 (2021 PPP)
East Asia & Pacific,Timor-Leste,1.06,$4.20 (2021 PPP)
East Asia & Pacific,Timor-Leste,1.38,$8.30 (2021 PPP)
East Asia & Pacific,Tonga,0,$3.00 (2021 PPP)
East Asia & Pacific,Tonga,0,$4.20 (2021 PPP)
East Asia & Pacific,Tonga,0.02,$8.30 (2021 PPP)
Latin America & Caribbean,Trinidad and Tobago,0,$3.00 (2021 PPP)
Latin America & Caribbean,Trinidad and Tobago,0,$4.20 (2021 PPP)
Latin America & Caribbean,Trinidad and Tobago,0.07,$8.30 (2021 PPP)
"Middle East, North Africa, Afghanistan & Pakistan",Tunisia,0.07,$3.00 (2021 PPP)
"Middle East, North Africa, Afghanistan & Pakistan",Tunisia,0.26,$4.20 (2021 PPP)
"Middle East, North Africa, Afghanistan & Pakistan",Tunisia,2.33,$8.30 (2021 PPP)
Europe & Central Asia,Türkiye,0.13,$3.00 (2021 PPP)
Europe & Central Asia,Türkiye,0.29,$4.20 (2021 PPP)
Europe & Central Asia,Türkiye,2.6,$8.30 (2021 PPP)
East Asia & Pacific,Tuvalu,0,$3.00 (2021 PPP)
East Asia & Pacific,Tuvalu,0,$4.20 (2021 PPP)
East Asia & Pacific,Tuvalu,0,$8.30 (2021 PPP)
East Asia & Pacific,"Taiwan, China",0,$3.00 (2021 PPP)
East Asia & Pacific,"Taiwan, China",0.01,$4.20 (2021 PPP)
East Asia & Pacific,"Taiwan, China",0.04,$8.30 (2021 PPP)
Sub-Saharan Africa,Tanzania,32.08,$3.00 (2021 PPP)
Sub-Saharan Africa,Tanzania,46.76,$4.20 (2021 PPP)
Sub-Saharan Africa,Tanzania,65.06,$8.30 (2021 PPP)
Sub-Saharan Africa,Uganda,26.2,$3.00 (2021 PPP)
Sub-Saharan Africa,Uganda,36.46,$4.20 (2021 PPP)
Sub-Saharan Africa,Uganda,48.67,$8.30 (2021 PPP)
Europe & Central Asia,Ukraine,0.01,$3.00 (2021 PPP)
Europe & Central Asia,Ukraine,0.09,$4.20 (2021 PPP)
Europe & Central Asia,Ukraine,4.13,$8.30 (2021 PPP)
Latin America & Caribbean,Uruguay,0.01,$3.00 (2021 PPP)
Latin America & Caribbean,Uruguay,0.02,$4.20 (2021 PPP)
Latin America & Caribbean,Uruguay,0.18,$8.30 (2021 PPP)
North America,United States,3.49,$3.00 (2021 PPP)
North America,United States,3.95,$4.20 (2021 PPP)
North America,United States,5.98,$8.30 (2021 PPP)
Europe & Central Asia,Uzbekistan,0.8,$3.00 (2021 PPP)
Europe & Central Asia,Uzbekistan,1.41,$4.20 (2021 PPP)
Europe & Central Asia,Uzbekistan,4.22,$8.30 (2021 PPP)
Latin America & Caribbean,St. Vincent and the Grenadines,0.01,$3.00 (2021 PPP)
Latin America & Caribbean,St. Vincent and the Grenadines,0.01,$4.20 (2021 PPP)
Latin America & Caribbean,St. Vincent and the Grenadines,0.03,$8.30 (2021 PPP)
Latin America & Caribbean,"Venezuela, RB",1.14,$3.00 (2021 PPP)
Latin America & Caribbean,"Venezuela, RB",2.16,$4.20 (2021 PPP)
Latin America & Caribbean,"Venezuela, RB",6.94,$8.30 (2021 PPP)
Latin America & Caribbean,British Virgin Islands,0,$3.00 (2021 PPP)
Latin America & Caribbean,British Virgin Islands,0,$4.20 (2021 PPP)
Latin America & Caribbean,British Virgin Islands,0,$8.30 (2021 PPP)
Latin America & Caribbean,Virgin Islands (U.S.),0,$3.00 (2021 PPP)
Latin America & Caribbean,Virgin Islands (U.S.),0,$4.20 (2021 PPP)
Latin America & Caribbean,Virgin Islands (U.S.),0,$8.30 (2021 PPP)
East Asia & Pacific,Viet Nam,1.05,$3.00 (2021 PPP)
East Asia & Pacific,Viet Nam,2.81,$4.20 (2021 PPP)
East Asia & Pacific,Viet Nam,15.61,$8.30 (2021 PPP)
East Asia & Pacific,Vanuatu,0.08,$3.00 (2021 PPP)
East Asia & Pacific,Vanuatu,0.14,$4.20 (2021 PPP)
East Asia & Pacific,Vanuatu,0.29,$8.30 (2021 PPP)
East Asia & Pacific,Samoa,0,$3.00 (2021 PPP)
East Asia & Pacific,Samoa,0.02,$4.20 (2021 PPP)
East Asia & Pacific,Samoa,0.08,$8.30 (2021 PPP)
Europe & Central Asia,Kosovo,0.12,$3.00 (2021 PPP)
Europe & Central Asia,Kosovo,0.17,$4.20 (2021 PPP)
Europe & Central Asia,Kosovo,0.44,$8.30 (2021 PPP)
"Middle East, North Africa, Afghanistan & Pakistan","Yemen, Rep.",32.09,$3.00 (2021 PPP)
"Middle East, North Africa, Afghanistan & Pakistan","Yemen, Rep.",37.31,$4.20 (2021 PPP)
"Middle East, North Africa, Afghanistan & Pakistan","Yemen, Rep.",41.93,$8.30 (2021 PPP)
Sub-Saharan Africa,South Africa,11.55,$3.00 (2021 PPP)
Sub-Saharan Africa,South Africa,19.94,$4.20 (2021 PPP)
Sub-Saharan Africa,South Africa,39.16,$8.30 (2021 PPP)
Sub-Saharan Africa,Zambia,15.73,$3.00 (2021 PPP)
Sub-Saharan Africa,Zambia,18.02,$4.20 (2021 PPP)
Sub-Saharan Africa,Zambia,21.02,$8.30 (2021 PPP)
Sub-Saharan Africa,Zimbabwe,7.89,$3.00 (2021 PPP)
Sub-Saharan Africa,Zimbabwe,10.51,$4.20 (2021 PPP)
Sub-Saharan Africa,Zimbabwe,14.61,$8.30 (2021 PPP)
